"Step","honest-disco-4 - AutoEncoderTopK-0/loss","honest-disco-4 - AutoEncoderTopK-0/loss__MIN","honest-disco-4 - AutoEncoderTopK-0/loss__MAX","honest-disco-4 - AutoEncoderTopK-1/loss","honest-disco-4 - AutoEncoderTopK-1/loss__MIN","honest-disco-4 - AutoEncoderTopK-1/loss__MAX","rural-cloud-3 - AutoEncoderTopK-0/loss","rural-cloud-3 - AutoEncoderTopK-0/loss__MIN","rural-cloud-3 - AutoEncoderTopK-0/loss__MAX","rural-cloud-3 - AutoEncoderTopK-1/loss","rural-cloud-3 - AutoEncoderTopK-1/loss__MIN","rural-cloud-3 - AutoEncoderTopK-1/loss__MAX","wise-sound-2 - AutoEncoderTopK-0/loss","wise-sound-2 - AutoEncoderTopK-0/loss__MIN","wise-sound-2 - AutoEncoderTopK-0/loss__MAX","wise-sound-2 - AutoEncoderTopK-1/loss","wise-sound-2 - AutoEncoderTopK-1/loss__MIN","wise-sound-2 - AutoEncoderTopK-1/loss__MAX","frosty-resonance-1 - AutoEncoderTopK-0/loss","frosty-resonance-1 - AutoEncoderTopK-0/loss__MIN","frosty-resonance-1 - AutoEncoderTopK-0/loss__MAX","frosty-resonance-1 - AutoEncoderTopK-1/loss","frosty-resonance-1 - AutoEncoderTopK-1/loss__MIN","frosty-resonance-1 - AutoEncoderTopK-1/loss__MAX"
"0","51735.8203125","51735.8203125","51735.8203125","51925.2109375","51925.2109375","51925.2109375","61437.6171875","61437.6171875","61437.6171875","55555.86328125","55555.86328125","55555.86328125","70314.515625","70314.515625","70314.515625","65442.1875","65442.1875","65442.1875","79752.796875","79752.796875","79752.796875","76304.40625","76304.40625","76304.40625"
"1000","1159.6953125","1159.6953125","1159.6953125","1004.1732177734375","1004.1732177734375","1004.1732177734375","1426.6142578125","1426.6142578125","1426.6142578125","1276.7034912109375","1276.7034912109375","1276.7034912109375","1691.810791015625","1691.810791015625","1691.810791015625","1527.337158203125","1527.337158203125","1527.337158203125","3965.514892578125","3965.514892578125","3965.514892578125","2109.65771484375","2109.65771484375","2109.65771484375"
"2000","1077.91455078125","1077.91455078125","1077.91455078125","837.0673828125","837.0673828125","837.0673828125","1351.502197265625","1351.502197265625","1351.502197265625","1199.501953125","1199.501953125","1199.501953125","1621.176513671875","1621.176513671875","1621.176513671875","1458.333251953125","1458.333251953125","1458.333251953125","2521.18310546875","2521.18310546875","2521.18310546875","2015.8511962890625","2015.8511962890625","2015.8511962890625"
"3000","976.840087890625","976.840087890625","976.840087890625","754.7840576171875","754.7840576171875","754.7840576171875","1227.165771484375","1227.165771484375","1227.165771484375","1076.5738525390625","1076.5738525390625","1076.5738525390625","1480.5745849609375","1480.5745849609375","1480.5745849609375","1330.87548828125","1330.87548828125","1330.87548828125","2460.392578125","2460.392578125","2460.392578125","1882.3739013671875","1882.3739013671875","1882.3739013671875"
"4000","899.32763671875","899.32763671875","899.32763671875","704.2376708984375","704.2376708984375","704.2376708984375","1132.340576171875","1132.340576171875","1132.340576171875","986.646728515625","986.646728515625","986.646728515625","1375.5157470703125","1375.5157470703125","1375.5157470703125","1229.02978515625","1229.02978515625","1229.02978515625","2504.45947265625","2504.45947265625","2504.45947265625","1784.8345947265625","1784.8345947265625","1784.8345947265625"
"5000","837.3106689453125","837.3106689453125","837.3106689453125","670.326904296875","670.326904296875","670.326904296875","1059.464599609375","1059.464599609375","1059.464599609375","923.6759033203125","923.6759033203125","923.6759033203125","1304.077392578125","1304.077392578125","1304.077392578125","1154.9315185546875","1154.9315185546875","1154.9315185546875","2401.45166015625","2401.45166015625","2401.45166015625","1713.0419921875","1713.0419921875","1713.0419921875"
"6000","813.2754516601562","813.2754516601562","813.2754516601562","656.437255859375","656.437255859375","656.437255859375","1033.922607421875","1033.922607421875","1033.922607421875","900.6294555664062","900.6294555664062","900.6294555664062","1284.5322265625","1284.5322265625","1284.5322265625","1130.49755859375","1130.49755859375","1130.49755859375","2387.78662109375","2387.78662109375","2387.78662109375","1703.793212890625","1703.793212890625","1703.793212890625"
"7000","789.5223388671875","789.5223388671875","789.5223388671875","639.559326171875","639.559326171875","639.559326171875","1009.0646362304688","1009.0646362304688","1009.0646362304688","878.78857421875","878.78857421875","878.78857421875","1262.4833984375","1262.4833984375","1262.4833984375","1106.0740966796875","1106.0740966796875","1106.0740966796875","2359.3125","2359.3125","2359.3125","1678.1827392578125","1678.1827392578125","1678.1827392578125"
"8000","777.4321899414062","777.4321899414062","777.4321899414062","630.2506103515625","630.2506103515625","630.2506103515625","998.8519287109375","998.8519287109375","998.8519287109375","868.1121826171875","868.1121826171875","868.1121826171875","1252.4537353515625","1252.4537353515625","1252.4537353515625","1096.816162109375","1096.816162109375","1096.816162109375","2353.5615234375","2353.5615234375","2353.5615234375","1677.322509765625","1677.322509765625","1677.322509765625"
"9000","754.9000244140625","754.9000244140625","754.9000244140625","613.123291015625","613.123291015625","613.123291015625","972.8636474609375","972.8636474609375","972.8636474609375","843.37060546875","843.37060546875","843.37060546875","1222.4520263671875","1222.4520263671875","1222.4520263671875","1068.2994384765625","1068.2994384765625","1068.2994384765625","2298.008056640625","2298.008056640625","2298.008056640625","1637.8515625","1637.8515625","1637.8515625"
"10000","754.5137939453125","754.5137939453125","754.5137939453125","613.9566650390625","613.9566650390625","613.9566650390625","972.7898559570312","972.7898559570312","972.7898559570312","844.3071899414062","844.3071899414062","844.3071899414062","1229.263427734375","1229.263427734375","1229.263427734375","1071.468994140625","1071.468994140625","1071.468994140625","2325.364990234375","2325.364990234375","2325.364990234375","1650.793212890625","1650.793212890625","1650.793212890625"
"11000","742.930419921875","742.930419921875","742.930419921875","603.7518310546875","603.7518310546875","603.7518310546875","961.2099609375","961.2099609375","961.2099609375","833.1026611328125","833.1026611328125","833.1026611328125","1216.1817626953125","1216.1817626953125","1216.1817626953125","1060.64111328125","1060.64111328125","1060.64111328125","2299.470703125","2299.470703125","2299.470703125","1629.9019775390625","1629.9019775390625","1629.9019775390625"
"12000","742.0961303710938","742.0961303710938","742.0961303710938","602.4540405273438","602.4540405273438","602.4540405273438","962.054443359375","962.054443359375","962.054443359375","832.6024169921875","832.6024169921875","832.6024169921875","1218.1611328125","1218.1611328125","1218.1611328125","1060.836181640625","1060.836181640625","1060.836181640625","2319.80224609375","2319.80224609375","2319.80224609375","1640.438232421875","1640.438232421875","1640.438232421875"
"13000","734.8450317382812","734.8450317382812","734.8450317382812","595.115478515625","595.115478515625","595.115478515625","953.5903930664062","953.5903930664062","953.5903930664062","825.4729614257812","825.4729614257812","825.4729614257812","1210.8358154296875","1210.8358154296875","1210.8358154296875","1054.118408203125","1054.118408203125","1054.118408203125","2301.9814453125","2301.9814453125","2301.9814453125","1629.8306884765625","1629.8306884765625","1629.8306884765625"
"14000","731.46142578125","731.46142578125","731.46142578125","591.915771484375","591.915771484375","591.915771484375","949.727783203125","949.727783203125","949.727783203125","822.2389526367188","822.2389526367188","822.2389526367188","1208.9390869140625","1208.9390869140625","1208.9390869140625","1050.27978515625","1050.27978515625","1050.27978515625","2296.968505859375","2296.968505859375","2296.968505859375","1628.981689453125","1628.981689453125","1628.981689453125"
"15000","721.7359008789062","721.7359008789062","721.7359008789062","583.5999145507812","583.5999145507812","583.5999145507812","943.1383056640625","943.1383056640625","943.1383056640625","813.3834838867188","813.3834838867188","813.3834838867188","1196.8663330078125","1196.8663330078125","1196.8663330078125","1040.74755859375","1040.74755859375","1040.74755859375","2287.193359375","2287.193359375","2287.193359375","1618.788818359375","1618.788818359375","1618.788818359375"
"16000","717.188232421875","717.188232421875","717.188232421875","579.3030395507812","579.3030395507812","579.3030395507812","936.5780029296875","936.5780029296875","936.5780029296875","808.7784423828125","808.7784423828125","808.7784423828125","1192.9537353515625","1192.9537353515625","1192.9537353515625","1036.5843505859375","1036.5843505859375","1036.5843505859375","2272.4775390625","2272.4775390625","2272.4775390625","1610.345703125","1610.345703125","1610.345703125"
"17000","716.1248779296875","716.1248779296875","716.1248779296875","577.2537231445312","577.2537231445312","577.2537231445312","937.2142333984375","937.2142333984375","937.2142333984375","807.7706298828125","807.7706298828125","807.7706298828125","1193.7567138671875","1193.7567138671875","1193.7567138671875","1036.98193359375","1036.98193359375","1036.98193359375","2274.6796875","2274.6796875","2274.6796875","1611.576416015625","1611.576416015625","1611.576416015625"
"18000","718.0731201171875","718.0731201171875","718.0731201171875","579.5387573242188","579.5387573242188","579.5387573242188","941.872314453125","941.872314453125","941.872314453125","810.6021728515625","810.6021728515625","810.6021728515625","1197.75244140625","1197.75244140625","1197.75244140625","1040.8525390625","1040.8525390625","1040.8525390625","2297.614501953125","2297.614501953125","2297.614501953125","1617.88623046875","1617.88623046875","1617.88623046875"
"19000","719.1654663085938","719.1654663085938","719.1654663085938","579.1492309570312","579.1492309570312","579.1492309570312","943.03515625","943.03515625","943.03515625","812.5521240234375","812.5521240234375","812.5521240234375","1201.938232421875","1201.938232421875","1201.938232421875","1042.948486328125","1042.948486328125","1042.948486328125","2298.97998046875","2298.97998046875","2298.97998046875","1624.688720703125","1624.688720703125","1624.688720703125"
"20000","714.1629638671875","714.1629638671875","714.1629638671875","574.600341796875","574.600341796875","574.600341796875","937.4978637695312","937.4978637695312","937.4978637695312","807.2047119140625","807.2047119140625","807.2047119140625","1193.7520751953125","1193.7520751953125","1193.7520751953125","1036.592529296875","1036.592529296875","1036.592529296875","2284.682373046875","2284.682373046875","2284.682373046875","1614.7554931640625","1614.7554931640625","1614.7554931640625"
"21000","708.3109741210938","708.3109741210938","708.3109741210938","570.5267333984375","570.5267333984375","570.5267333984375","930.3862915039062","930.3862915039062","930.3862915039062","800.8677978515625","800.8677978515625","800.8677978515625","1186.4683837890625","1186.4683837890625","1186.4683837890625","1029.736328125","1029.736328125","1029.736328125","2275.24755859375","2275.24755859375","2275.24755859375","1604.1514892578125","1604.1514892578125","1604.1514892578125"
"22000","709.25830078125","709.25830078125","709.25830078125","570.5908203125","570.5908203125","570.5908203125","933.7105712890625","933.7105712890625","933.7105712890625","802.6541748046875","802.6541748046875","802.6541748046875","1191.7088623046875","1191.7088623046875","1191.7088623046875","1033.21875","1033.21875","1033.21875","2282.48388671875","2282.48388671875","2282.48388671875","1612.600341796875","1612.600341796875","1612.600341796875"
"23000","709.1173095703125","709.1173095703125","709.1173095703125","569.8076171875","569.8076171875","569.8076171875","933.5856323242188","933.5856323242188","933.5856323242188","802.3668212890625","802.3668212890625","802.3668212890625","1188.6724853515625","1188.6724853515625","1188.6724853515625","1033.8895263671875","1033.8895263671875","1033.8895263671875","2279.501708984375","2279.501708984375","2279.501708984375","1606.8369140625","1606.8369140625","1606.8369140625"
"24000","702.6902465820312","702.6902465820312","702.6902465820312","564.3707275390625","564.3707275390625","564.3707275390625","924.7674560546875","924.7674560546875","924.7674560546875","796.0946655273438","796.0946655273438","796.0946655273438","1182.6177978515625","1182.6177978515625","1182.6177978515625","1026.84814453125","1026.84814453125","1026.84814453125","2276.2431640625","2276.2431640625","2276.2431640625","1600.547119140625","1600.547119140625","1600.547119140625"
"25000","705.094970703125","705.094970703125","705.094970703125","566.0589599609375","566.0589599609375","566.0589599609375","929.7471313476562","929.7471313476562","929.7471313476562","798.0968017578125","798.0968017578125","798.0968017578125","1187.469970703125","1187.469970703125","1187.469970703125","1030.336181640625","1030.336181640625","1030.336181640625","2279.92236328125","2279.92236328125","2279.92236328125","1609.447509765625","1609.447509765625","1609.447509765625"
"26000","703.4547119140625","703.4547119140625","703.4547119140625","564.3265991210938","564.3265991210938","564.3265991210938","927.3065185546875","927.3065185546875","927.3065185546875","796.0524291992188","796.0524291992188","796.0524291992188","1183.8857421875","1183.8857421875","1183.8857421875","1027.700439453125","1027.700439453125","1027.700439453125","2275.123291015625","2275.123291015625","2275.123291015625","1603.616455078125","1603.616455078125","1603.616455078125"
"27000","697.1820068359375","697.1820068359375","697.1820068359375","558.7972412109375","558.7972412109375","558.7972412109375","923.1986083984375","923.1986083984375","923.1986083984375","790.4487915039062","790.4487915039062","790.4487915039062","1180.9896240234375","1180.9896240234375","1180.9896240234375","1023.4266967773438","1023.4266967773438","1023.4266967773438","2263.666015625","2263.666015625","2263.666015625","1598.942138671875","1598.942138671875","1598.942138671875"
"28000","694.523193359375","694.523193359375","694.523193359375","557.0676879882812","557.0676879882812","557.0676879882812","917.7808227539062","917.7808227539062","917.7808227539062","786.4306640625","786.4306640625","786.4306640625","1172.736328125","1172.736328125","1172.736328125","1016.413330078125","1016.413330078125","1016.413330078125","2264.02587890625","2264.02587890625","2264.02587890625","1589.853271484375","1589.853271484375","1589.853271484375"
"29000","692.5264892578125","692.5264892578125","692.5264892578125","553.5361328125","553.5361328125","553.5361328125","914.6036376953125","914.6036376953125","914.6036376953125","784.1466674804688","784.1466674804688","784.1466674804688","1168.937744140625","1168.937744140625","1168.937744140625","1013.1818237304688","1013.1818237304688","1013.1818237304688","2243.77587890625","2243.77587890625","2243.77587890625","1581.32666015625","1581.32666015625","1581.32666015625"
"30000","692.68701171875","692.68701171875","692.68701171875","553.5086059570312","553.5086059570312","553.5086059570312","915.1387939453125","915.1387939453125","915.1387939453125","784.4785766601562","784.4785766601562","784.4785766601562","1170.943115234375","1170.943115234375","1170.943115234375","1014.2528076171875","1014.2528076171875","1014.2528076171875","2254.937744140625","2254.937744140625","2254.937744140625","1585.7921142578125","1585.7921142578125","1585.7921142578125"
"31000","692.22802734375","692.22802734375","692.22802734375","551.4266967773438","551.4266967773438","551.4266967773438","915.4375","915.4375","915.4375","784.8656005859375","784.8656005859375","784.8656005859375","1170.7593994140625","1170.7593994140625","1170.7593994140625","1014.0885620117188","1014.0885620117188","1014.0885620117188","2251.8779296875","2251.8779296875","2251.8779296875","1586.317626953125","1586.317626953125","1586.317626953125"
"32000","686.5701293945312","686.5701293945312","686.5701293945312","548.154296875","548.154296875","548.154296875","907.999755859375","907.999755859375","907.999755859375","778.670166015625","778.670166015625","778.670166015625","1160.23486328125","1160.23486328125","1160.23486328125","1004.8857421875","1004.8857421875","1004.8857421875","2237.97802734375","2237.97802734375","2237.97802734375","1572.3121337890625","1572.3121337890625","1572.3121337890625"
"33000","693.3150634765625","693.3150634765625","693.3150634765625","553.57568359375","553.57568359375","553.57568359375","919.0835571289062","919.0835571289062","919.0835571289062","787.6802368164062","787.6802368164062","787.6802368164062","1173.547607421875","1173.547607421875","1173.547607421875","1018.6089477539062","1018.6089477539062","1018.6089477539062","2260.55517578125","2260.55517578125","2260.55517578125","1585.708251953125","1585.708251953125","1585.708251953125"
"34000","688.0670166015625","688.0670166015625","688.0670166015625","549.0464477539062","549.0464477539062","549.0464477539062","910.383056640625","910.383056640625","910.383056640625","780.050048828125","780.050048828125","780.050048828125","1162.341796875","1162.341796875","1162.341796875","1007.5263671875","1007.5263671875","1007.5263671875","2244.9931640625","2244.9931640625","2244.9931640625","1574.994873046875","1574.994873046875","1574.994873046875"
"35000","692.8929443359375","692.8929443359375","692.8929443359375","552.4907836914062","552.4907836914062","552.4907836914062","917.7796630859375","917.7796630859375","917.7796630859375","786.7074584960938","786.7074584960938","786.7074584960938","1173.87548828125","1173.87548828125","1173.87548828125","1016.7169189453125","1016.7169189453125","1016.7169189453125","2271.335693359375","2271.335693359375","2271.335693359375","1590.7230224609375","1590.7230224609375","1590.7230224609375"
"36000","687.5906982421875","687.5906982421875","687.5906982421875","546.5963745117188","546.5963745117188","546.5963745117188","910.7005615234375","910.7005615234375","910.7005615234375","780.001220703125","780.001220703125","780.001220703125","1165.8529052734375","1165.8529052734375","1165.8529052734375","1008.390869140625","1008.390869140625","1008.390869140625","2251.830810546875","2251.830810546875","2251.830810546875","1580.9249267578125","1580.9249267578125","1580.9249267578125"
"37000","687.8729248046875","687.8729248046875","687.8729248046875","547.582763671875","547.582763671875","547.582763671875","913.595458984375","913.595458984375","913.595458984375","782.3519287109375","782.3519287109375","782.3519287109375","1169.179443359375","1169.179443359375","1169.179443359375","1012.7144775390625","1012.7144775390625","1012.7144775390625","2252.391845703125","2252.391845703125","2252.391845703125","1584.7152099609375","1584.7152099609375","1584.7152099609375"
"38000","686.4375","686.4375","686.4375","545.56103515625","545.56103515625","545.56103515625","911.2603759765625","911.2603759765625","911.2603759765625","779.548583984375","779.548583984375","779.548583984375","1167.322509765625","1167.322509765625","1167.322509765625","1010.2452392578125","1010.2452392578125","1010.2452392578125","2254.696533203125","2254.696533203125","2254.696533203125","1581.9935302734375","1581.9935302734375","1581.9935302734375"
"39000","688.5126953125","688.5126953125","688.5126953125","546.1303100585938","546.1303100585938","546.1303100585938","912.690673828125","912.690673828125","912.690673828125","781.3173828125","781.3173828125","781.3173828125","1166.281494140625","1166.281494140625","1166.281494140625","1010.5496215820312","1010.5496215820312","1010.5496215820312","2244.5830078125","2244.5830078125","2244.5830078125","1579.34716796875","1579.34716796875","1579.34716796875"
"40000","680.7913818359375","680.7913818359375","680.7913818359375","539.6336669921875","539.6336669921875","539.6336669921875","902.4696044921875","902.4696044921875","902.4696044921875","772.4931640625","772.4931640625","772.4931640625","1155.9365234375","1155.9365234375","1155.9365234375","1001.3233642578125","1001.3233642578125","1001.3233642578125","2227.15625","2227.15625","2227.15625","1565.0147705078125","1565.0147705078125","1565.0147705078125"
"41000","688.8900146484375","688.8900146484375","688.8900146484375","546.587158203125","546.587158203125","546.587158203125","914.3355712890625","914.3355712890625","914.3355712890625","780.4996337890625","780.4996337890625","780.4996337890625","1168.130126953125","1168.130126953125","1168.130126953125","1012.6361083984375","1012.6361083984375","1012.6361083984375","2254.79541015625","2254.79541015625","2254.79541015625","1580.775390625","1580.775390625","1580.775390625"
"42000","684.3076782226562","684.3076782226562","684.3076782226562","540.7588500976562","540.7588500976562","540.7588500976562","907.3312377929688","907.3312377929688","907.3312377929688","777.6506958007812","777.6506958007812","777.6506958007812","1160.676513671875","1160.676513671875","1160.676513671875","1004.9130859375","1004.9130859375","1004.9130859375","2241.892578125","2241.892578125","2241.892578125","1572.878662109375","1572.878662109375","1572.878662109375"
"43000","684.5555419921875","684.5555419921875","684.5555419921875","542.787353515625","542.787353515625","542.787353515625","909.0202026367188","909.0202026367188","909.0202026367188","776.9041748046875","776.9041748046875","776.9041748046875","1163.4892578125","1163.4892578125","1163.4892578125","1008.009033203125","1008.009033203125","1008.009033203125","2247.216064453125","2247.216064453125","2247.216064453125","1577.655029296875","1577.655029296875","1577.655029296875"
"44000","683.9503173828125","683.9503173828125","683.9503173828125","540.9354248046875","540.9354248046875","540.9354248046875","905.4381103515625","905.4381103515625","905.4381103515625","776.7447509765625","776.7447509765625","776.7447509765625","1161.7652587890625","1161.7652587890625","1161.7652587890625","1004.8939208984375","1004.8939208984375","1004.8939208984375","2234.533935546875","2234.533935546875","2234.533935546875","1574.61328125","1574.61328125","1574.61328125"
"45000","687.66845703125","687.66845703125","687.66845703125","545.4580688476562","545.4580688476562","545.4580688476562","912.7960205078125","912.7960205078125","912.7960205078125","781.5687255859375","781.5687255859375","781.5687255859375","1169.59521484375","1169.59521484375","1169.59521484375","1013.1792602539062","1013.1792602539062","1013.1792602539062","2255.645751953125","2255.645751953125","2255.645751953125","1584.19580078125","1584.19580078125","1584.19580078125"
"46000","690.9644165039062","690.9644165039062","690.9644165039062","547.7513427734375","547.7513427734375","547.7513427734375","917.6187744140625","917.6187744140625","917.6187744140625","785.5450439453125","785.5450439453125","785.5450439453125","1173.8087158203125","1173.8087158203125","1173.8087158203125","1018.3341064453125","1018.3341064453125","1018.3341064453125","2269.80126953125","2269.80126953125","2269.80126953125","1594.306396484375","1594.306396484375","1594.306396484375"
"47000","688.0021362304688","688.0021362304688","688.0021362304688","544.2685546875","544.2685546875","544.2685546875","913.0250244140625","913.0250244140625","913.0250244140625","782.05908203125","782.05908203125","782.05908203125","1169.068603515625","1169.068603515625","1169.068603515625","1012.8046875","1012.8046875","1012.8046875","2256.173828125","2256.173828125","2256.173828125","1585.582275390625","1585.582275390625","1585.582275390625"
"48000","681.607421875","681.607421875","681.607421875","538.7490844726562","538.7490844726562","538.7490844726562","904.7811889648438","904.7811889648438","904.7811889648438","774.431396484375","774.431396484375","774.431396484375","1155.3248291015625","1155.3248291015625","1155.3248291015625","1000.0664672851562","1000.0664672851562","1000.0664672851562","2236.74560546875","2236.74560546875","2236.74560546875","1570.2044677734375","1570.2044677734375","1570.2044677734375"
"49000","687.3287353515625","687.3287353515625","687.3287353515625","541.8239135742188","541.8239135742188","541.8239135742188","913.139404296875","913.139404296875","913.139404296875","779.876953125","779.876953125","779.876953125","1169.8326416015625","1169.8326416015625","1169.8326416015625","1010.9157104492188","1010.9157104492188","1010.9157104492188","2259.968505859375","2259.968505859375","2259.968505859375","1586.771240234375","1586.771240234375","1586.771240234375"
"50000","681.7047729492188","681.7047729492188","681.7047729492188","537.9351806640625","537.9351806640625","537.9351806640625","904.8936157226562","904.8936157226562","904.8936157226562","773.9427490234375","773.9427490234375","773.9427490234375","1160.281005859375","1160.281005859375","1160.281005859375","1002.8519287109375","1002.8519287109375","1002.8519287109375","2245.853759765625","2245.853759765625","2245.853759765625","1573.86865234375","1573.86865234375","1573.86865234375"
"51000","681.0965576171875","681.0965576171875","681.0965576171875","537.3138427734375","537.3138427734375","537.3138427734375","902.8126220703125","902.8126220703125","902.8126220703125","773.509033203125","773.509033203125","773.509033203125","1154.3184814453125","1154.3184814453125","1154.3184814453125","998.19384765625","998.19384765625","998.19384765625","2232.871826171875","2232.871826171875","2232.871826171875","1566.4892578125","1566.4892578125","1566.4892578125"
"52000","683.1131591796875","683.1131591796875","683.1131591796875","539.403076171875","539.403076171875","539.403076171875","909.5159301757812","909.5159301757812","909.5159301757812","776.463623046875","776.463623046875","776.463623046875","1162.1485595703125","1162.1485595703125","1162.1485595703125","1008.1015625","1008.1015625","1008.1015625","2247.17431640625","2247.17431640625","2247.17431640625","1576.421630859375","1576.421630859375","1576.421630859375"
"53000","676.37890625","676.37890625","676.37890625","533.1842651367188","533.1842651367188","533.1842651367188","900.5712280273438","900.5712280273438","900.5712280273438","768.896484375","768.896484375","768.896484375","1151.79248046875","1151.79248046875","1151.79248046875","997.4741821289062","997.4741821289062","997.4741821289062","2230.103515625","2230.103515625","2230.103515625","1563.016845703125","1563.016845703125","1563.016845703125"
"54000","686.4913940429688","686.4913940429688","686.4913940429688","540.8151245117188","540.8151245117188","540.8151245117188","912.57275390625","912.57275390625","912.57275390625","780.2635498046875","780.2635498046875","780.2635498046875","1168.02490234375","1168.02490234375","1168.02490234375","1011.443603515625","1011.443603515625","1011.443603515625","2253.3642578125","2253.3642578125","2253.3642578125","1583.493408203125","1583.493408203125","1583.493408203125"
"55000","684.8824462890625","684.8824462890625","684.8824462890625","539.3828735351562","539.3828735351562","539.3828735351562","909.04736328125","909.04736328125","909.04736328125","778.2451171875","778.2451171875","778.2451171875","1163.11572265625","1163.11572265625","1163.11572265625","1007.7359619140625","1007.7359619140625","1007.7359619140625","2250.60693359375","2250.60693359375","2250.60693359375","1579.3837890625","1579.3837890625","1579.3837890625"
"56000","680.903076171875","680.903076171875","680.903076171875","536.4833984375","536.4833984375","536.4833984375","905.8551025390625","905.8551025390625","905.8551025390625","774.8949584960938","774.8949584960938","774.8949584960938","1157.64892578125","1157.64892578125","1157.64892578125","1001.5751953125","1001.5751953125","1001.5751953125","2236.887451171875","2236.887451171875","2236.887451171875","1570.4920654296875","1570.4920654296875","1570.4920654296875"
"57000","685.3101806640625","685.3101806640625","685.3101806640625","539.6959838867188","539.6959838867188","539.6959838867188","911.7238159179688","911.7238159179688","911.7238159179688","779.59814453125","779.59814453125","779.59814453125","1168.259033203125","1168.259033203125","1168.259033203125","1012.3435668945312","1012.3435668945312","1012.3435668945312","2257.29248046875","2257.29248046875","2257.29248046875","1584.7593994140625","1584.7593994140625","1584.7593994140625"
"58000","683.0579223632812","683.0579223632812","683.0579223632812","538.452880859375","538.452880859375","538.452880859375","909.9716796875","909.9716796875","909.9716796875","778.2188720703125","778.2188720703125","778.2188720703125","1165.854248046875","1165.854248046875","1165.854248046875","1008.87060546875","1008.87060546875","1008.87060546875","2253.485107421875","2253.485107421875","2253.485107421875","1580.315185546875","1580.315185546875","1580.315185546875"
"59000","681.7630004882812","681.7630004882812","681.7630004882812","537.054931640625","537.054931640625","537.054931640625","908.557861328125","908.557861328125","908.557861328125","775.5447998046875","775.5447998046875","775.5447998046875","1161.844482421875","1161.844482421875","1161.844482421875","1005.0458984375","1005.0458984375","1005.0458984375","2250.88232421875","2250.88232421875","2250.88232421875","1576.08935546875","1576.08935546875","1576.08935546875"
"60000","680.7145385742188","680.7145385742188","680.7145385742188","536.3519897460938","536.3519897460938","536.3519897460938","907.1229248046875","907.1229248046875","907.1229248046875","774.2194213867188","774.2194213867188","774.2194213867188","1160.195556640625","1160.195556640625","1160.195556640625","1004.0945434570312","1004.0945434570312","1004.0945434570312","2243.7216796875","2243.7216796875","2243.7216796875","1570.996826171875","1570.996826171875","1570.996826171875"
"61000","680.086181640625","680.086181640625","680.086181640625","535.56005859375","535.56005859375","535.56005859375","906.34912109375","906.34912109375","906.34912109375","776.1981201171875","776.1981201171875","776.1981201171875","1161.590087890625","1161.590087890625","1161.590087890625","1006.6030883789062","1006.6030883789062","1006.6030883789062","2249.00390625","2249.00390625","2249.00390625","1573.754638671875","1573.754638671875","1573.754638671875"
"62000","678.329833984375","678.329833984375","678.329833984375","533.0684814453125","533.0684814453125","533.0684814453125","901.8360595703125","901.8360595703125","901.8360595703125","771.1439819335938","771.1439819335938","771.1439819335938","1155.1741943359375","1155.1741943359375","1155.1741943359375","1001.7923583984375","1001.7923583984375","1001.7923583984375","2232.3232421875","2232.3232421875","2232.3232421875","1566.42919921875","1566.42919921875","1566.42919921875"
"63000","678.3351440429688","678.3351440429688","678.3351440429688","533.5504150390625","533.5504150390625","533.5504150390625","903.1593017578125","903.1593017578125","903.1593017578125","772.302001953125","772.302001953125","772.302001953125","1159.074462890625","1159.074462890625","1159.074462890625","1002.7611083984375","1002.7611083984375","1002.7611083984375","2240.9580078125","2240.9580078125","2240.9580078125","1571.85302734375","1571.85302734375","1571.85302734375"
"64000","678.31103515625","678.31103515625","678.31103515625","534.5620727539062","534.5620727539062","534.5620727539062","905.2662353515625","905.2662353515625","905.2662353515625","773.880859375","773.880859375","773.880859375","1158.379638671875","1158.379638671875","1158.379638671875","1002.6424560546875","1002.6424560546875","1002.6424560546875","2243.854248046875","2243.854248046875","2243.854248046875","1567.814208984375","1567.814208984375","1567.814208984375"
"65000","679.2606201171875","679.2606201171875","679.2606201171875","535.059326171875","535.059326171875","535.059326171875","904.3929443359375","904.3929443359375","904.3929443359375","772.8860473632812","772.8860473632812","772.8860473632812","1157.470947265625","1157.470947265625","1157.470947265625","1001.7637329101562","1001.7637329101562","1001.7637329101562","2238.11669921875","2238.11669921875","2238.11669921875","1569.7623291015625","1569.7623291015625","1569.7623291015625"
"66000","678.8759765625","678.8759765625","678.8759765625","536.005126953125","536.005126953125","536.005126953125","905.392333984375","905.392333984375","905.392333984375","773.35693359375","773.35693359375","773.35693359375","1159.99658203125","1159.99658203125","1159.99658203125","1002.8524169921875","1002.8524169921875","1002.8524169921875","2236.825927734375","2236.825927734375","2236.825927734375","1574.562255859375","1574.562255859375","1574.562255859375"
"67000","678.2861328125","678.2861328125","678.2861328125","533.0255737304688","533.0255737304688","533.0255737304688","904.6337890625","904.6337890625","904.6337890625","773.084716796875","773.084716796875","773.084716796875","1158.16943359375","1158.16943359375","1158.16943359375","1001.791259765625","1001.791259765625","1001.791259765625","2245.8017578125","2245.8017578125","2245.8017578125","1576.826416015625","1576.826416015625","1576.826416015625"
"68000","680.8677978515625","680.8677978515625","680.8677978515625","534.6673583984375","534.6673583984375","534.6673583984375","909.330810546875","909.330810546875","909.330810546875","775.8753051757812","775.8753051757812","775.8753051757812","1163.674560546875","1163.674560546875","1163.674560546875","1007.7261962890625","1007.7261962890625","1007.7261962890625","2258.71533203125","2258.71533203125","2258.71533203125","1577.614501953125","1577.614501953125","1577.614501953125"
"69000","677.7528686523438","677.7528686523438","677.7528686523438","533.9567260742188","533.9567260742188","533.9567260742188","905.2811279296875","905.2811279296875","905.2811279296875","773.2364501953125","773.2364501953125","773.2364501953125","1157.8348388671875","1157.8348388671875","1157.8348388671875","1000.8760375976562","1000.8760375976562","1000.8760375976562","2239.281005859375","2239.281005859375","2239.281005859375","1568.8626708984375","1568.8626708984375","1568.8626708984375"
"70000","675.1707763671875","675.1707763671875","675.1707763671875","529.7220458984375","529.7220458984375","529.7220458984375","900.3951416015625","900.3951416015625","900.3951416015625","768.2041015625","768.2041015625","768.2041015625","1153.8367919921875","1153.8367919921875","1153.8367919921875","998.5352783203125","998.5352783203125","998.5352783203125","2239.236328125","2239.236328125","2239.236328125","1565.3974609375","1565.3974609375","1565.3974609375"
"71000","676.8145751953125","676.8145751953125","676.8145751953125","531.9093017578125","531.9093017578125","531.9093017578125","903.5965576171875","903.5965576171875","903.5965576171875","771.4884033203125","771.4884033203125","771.4884033203125","1157.67431640625","1157.67431640625","1157.67431640625","1002.7545776367188","1002.7545776367188","1002.7545776367188","2243.2939453125","2243.2939453125","2243.2939453125","1569.1048583984375","1569.1048583984375","1569.1048583984375"
"72000","672.5450439453125","672.5450439453125","672.5450439453125","529.5276489257812","529.5276489257812","529.5276489257812","897.8939208984375","897.8939208984375","897.8939208984375","767.4959716796875","767.4959716796875","767.4959716796875","1152.8353271484375","1152.8353271484375","1152.8353271484375","995.291748046875","995.291748046875","995.291748046875","2227.550048828125","2227.550048828125","2227.550048828125","1561.90380859375","1561.90380859375","1561.90380859375"
"73000","671.01123046875","671.01123046875","671.01123046875","528.0777587890625","528.0777587890625","528.0777587890625","898.57421875","898.57421875","898.57421875","765.4501342773438","765.4501342773438","765.4501342773438","1150.531982421875","1150.531982421875","1150.531982421875","995.7166748046875","995.7166748046875","995.7166748046875","2228.1787109375","2228.1787109375","2228.1787109375","1560.311767578125","1560.311767578125","1560.311767578125"
"74000","670.0770263671875","670.0770263671875","670.0770263671875","525.7134399414062","525.7134399414062","525.7134399414062","894.5689086914062","894.5689086914062","894.5689086914062","763.0130615234375","763.0130615234375","763.0130615234375","1146.0458984375","1146.0458984375","1146.0458984375","991.099853515625","991.099853515625","991.099853515625","2221.49365234375","2221.49365234375","2221.49365234375","1556.4779052734375","1556.4779052734375","1556.4779052734375"
"75000","675.1922607421875","675.1922607421875","675.1922607421875","530.35595703125","530.35595703125","530.35595703125","900.2435913085938","900.2435913085938","900.2435913085938","770.6767578125","770.6767578125","770.6767578125","1153.54052734375","1153.54052734375","1153.54052734375","998.5048217773438","998.5048217773438","998.5048217773438","2235.794189453125","2235.794189453125","2235.794189453125","1566.61865234375","1566.61865234375","1566.61865234375"
"76000","674.468505859375","674.468505859375","674.468505859375","528.9498291015625","528.9498291015625","528.9498291015625","901.9903564453125","901.9903564453125","901.9903564453125","769.065185546875","769.065185546875","769.065185546875","1155.2783203125","1155.2783203125","1155.2783203125","999.605224609375","999.605224609375","999.605224609375","2233.55419921875","2233.55419921875","2233.55419921875","1564.2744140625","1564.2744140625","1564.2744140625"
"77000","671.5984497070312","671.5984497070312","671.5984497070312","527.60595703125","527.60595703125","527.60595703125","898.1996459960938","898.1996459960938","898.1996459960938","766.3060302734375","766.3060302734375","766.3060302734375","1148.713623046875","1148.713623046875","1148.713623046875","995.1650390625","995.1650390625","995.1650390625","2230.288818359375","2230.288818359375","2230.288818359375","1562.404052734375","1562.404052734375","1562.404052734375"
"78000","676.9642944335938","676.9642944335938","676.9642944335938","531.6828002929688","531.6828002929688","531.6828002929688","904.2459106445312","904.2459106445312","904.2459106445312","772.7385864257812","772.7385864257812","772.7385864257812","1159.18505859375","1159.18505859375","1159.18505859375","1005.7296752929688","1005.7296752929688","1005.7296752929688","2251.7431640625","2251.7431640625","2251.7431640625","1574.922607421875","1574.922607421875","1574.922607421875"
"79000","674.0157470703125","674.0157470703125","674.0157470703125","528.55859375","528.55859375","528.55859375","900.2928466796875","900.2928466796875","900.2928466796875","769.725830078125","769.725830078125","769.725830078125","1152.7354736328125","1152.7354736328125","1152.7354736328125","998.5430908203125","998.5430908203125","998.5430908203125","2239.5595703125","2239.5595703125","2239.5595703125","1565.54052734375","1565.54052734375","1565.54052734375"
"80000","680.0816040039062","680.0816040039062","680.0816040039062","533.8846435546875","533.8846435546875","533.8846435546875","911.5733642578125","911.5733642578125","911.5733642578125","775.94775390625","775.94775390625","775.94775390625","1164.44482421875","1164.44482421875","1164.44482421875","1009.9597778320312","1009.9597778320312","1009.9597778320312","2252.048828125","2252.048828125","2252.048828125","1580.1055908203125","1580.1055908203125","1580.1055908203125"
"81000","674.164794921875","674.164794921875","674.164794921875","529.3146362304688","529.3146362304688","529.3146362304688","902.5240478515625","902.5240478515625","902.5240478515625","769.4320068359375","769.4320068359375","769.4320068359375","1154.701416015625","1154.701416015625","1154.701416015625","999.5796508789062","999.5796508789062","999.5796508789062","2239.58349609375","2239.58349609375","2239.58349609375","1565.6502685546875","1565.6502685546875","1565.6502685546875"
"82000","677.34375","677.34375","677.34375","531.7283325195312","531.7283325195312","531.7283325195312","905.8233642578125","905.8233642578125","905.8233642578125","772.9564208984375","772.9564208984375","772.9564208984375","1159.6024169921875","1159.6024169921875","1159.6024169921875","1002.265380859375","1002.265380859375","1002.265380859375","2251.4169921875","2251.4169921875","2251.4169921875","1573.57861328125","1573.57861328125","1573.57861328125"
"83000","671.9112548828125","671.9112548828125","671.9112548828125","526.590576171875","526.590576171875","526.590576171875","897.7113037109375","897.7113037109375","897.7113037109375","766.479736328125","766.479736328125","766.479736328125","1151.4189453125","1151.4189453125","1151.4189453125","995.83203125","995.83203125","995.83203125","2232.71142578125","2232.71142578125","2232.71142578125","1561.852294921875","1561.852294921875","1561.852294921875"
"84000","675.7919921875","675.7919921875","675.7919921875","530.30712890625","530.30712890625","530.30712890625","903.0865478515625","903.0865478515625","903.0865478515625","770.6968994140625","770.6968994140625","770.6968994140625","1155.6595458984375","1155.6595458984375","1155.6595458984375","1000.9951782226562","1000.9951782226562","1000.9951782226562","2247.87451171875","2247.87451171875","2247.87451171875","1572.2900390625","1572.2900390625","1572.2900390625"
"85000","674.4368896484375","674.4368896484375","674.4368896484375","527.9293212890625","527.9293212890625","527.9293212890625","900.6259765625","900.6259765625","900.6259765625","769.790283203125","769.790283203125","769.790283203125","1154.39501953125","1154.39501953125","1154.39501953125","999.0067138671875","999.0067138671875","999.0067138671875","2235.97412109375","2235.97412109375","2235.97412109375","1565.680419921875","1565.680419921875","1565.680419921875"
"86000","669.3768310546875","669.3768310546875","669.3768310546875","524.6943359375","524.6943359375","524.6943359375","895.0333251953125","895.0333251953125","895.0333251953125","764.89404296875","764.89404296875","764.89404296875","1147.802490234375","1147.802490234375","1147.802490234375","993.5609130859375","993.5609130859375","993.5609130859375","2236.9482421875","2236.9482421875","2236.9482421875","1556.913818359375","1556.913818359375","1556.913818359375"
"87000","674.4591674804688","674.4591674804688","674.4591674804688","529.4035034179688","529.4035034179688","529.4035034179688","902.530517578125","902.530517578125","902.530517578125","769.4495239257812","769.4495239257812","769.4495239257812","1154.868408203125","1154.868408203125","1154.868408203125","1000.595703125","1000.595703125","1000.595703125","2251.9208984375","2251.9208984375","2251.9208984375","1571.245849609375","1571.245849609375","1571.245849609375"
"88000","669.7980346679688","669.7980346679688","669.7980346679688","524.9990234375","524.9990234375","524.9990234375","896.2711181640625","896.2711181640625","896.2711181640625","764.1278076171875","764.1278076171875","764.1278076171875","1149.1055908203125","1149.1055908203125","1149.1055908203125","994.5186767578125","994.5186767578125","994.5186767578125","2234.0908203125","2234.0908203125","2234.0908203125","1563.2431640625","1563.2431640625","1563.2431640625"
"89000","663.8504638671875","663.8504638671875","663.8504638671875","520.4037475585938","520.4037475585938","520.4037475585938","889.8533325195312","889.8533325195312","889.8533325195312","758.3237915039062","758.3237915039062","758.3237915039062","1142.881591796875","1142.881591796875","1142.881591796875","987.9140625","987.9140625","987.9140625","2220.116943359375","2220.116943359375","2220.116943359375","1552.1937255859375","1552.1937255859375","1552.1937255859375"
"90000","671.5587158203125","671.5587158203125","671.5587158203125","526.5228881835938","526.5228881835938","526.5228881835938","900.6070556640625","900.6070556640625","900.6070556640625","767.8074951171875","767.8074951171875","767.8074951171875","1153.1417236328125","1153.1417236328125","1153.1417236328125","998.251708984375","998.251708984375","998.251708984375","2244.658203125","2244.658203125","2244.658203125","1568.2010498046875","1568.2010498046875","1568.2010498046875"
"91000","669.2053833007812","669.2053833007812","669.2053833007812","524.246826171875","524.246826171875","524.246826171875","895.422607421875","895.422607421875","895.422607421875","763.905517578125","763.905517578125","763.905517578125","1146.4652099609375","1146.4652099609375","1146.4652099609375","992.7398681640625","992.7398681640625","992.7398681640625","2223.21826171875","2223.21826171875","2223.21826171875","1559.7210693359375","1559.7210693359375","1559.7210693359375"
"92000","668.256591796875","668.256591796875","668.256591796875","523.6575927734375","523.6575927734375","523.6575927734375","895.989013671875","895.989013671875","895.989013671875","762.7307739257812","762.7307739257812","762.7307739257812","1148.9508056640625","1148.9508056640625","1148.9508056640625","993.5986938476562","993.5986938476562","993.5986938476562","2235.53857421875","2235.53857421875","2235.53857421875","1560.91162109375","1560.91162109375","1560.91162109375"
"93000","667.1199951171875","667.1199951171875","667.1199951171875","522.6162719726562","522.6162719726562","522.6162719726562","892.2484741210938","892.2484741210938","892.2484741210938","761.185302734375","761.185302734375","761.185302734375","1145.7332763671875","1145.7332763671875","1145.7332763671875","991.3130493164062","991.3130493164062","991.3130493164062","2234.5205078125","2234.5205078125","2234.5205078125","1559.7159423828125","1559.7159423828125","1559.7159423828125"
"94000","664.1124877929688","664.1124877929688","664.1124877929688","519.423828125","519.423828125","519.423828125","890.3694458007812","890.3694458007812","890.3694458007812","758.547119140625","758.547119140625","758.547119140625","1143.382568359375","1143.382568359375","1143.382568359375","987.390625","987.390625","987.390625","2222.11865234375","2222.11865234375","2222.11865234375","1553.505859375","1553.505859375","1553.505859375"
"95000","666.1227416992188","666.1227416992188","666.1227416992188","521.5565185546875","521.5565185546875","521.5565185546875","892.9365844726562","892.9365844726562","892.9365844726562","761.2708129882812","761.2708129882812","761.2708129882812","1145.70556640625","1145.70556640625","1145.70556640625","991.3370361328125","991.3370361328125","991.3370361328125","2226.08349609375","2226.08349609375","2226.08349609375","1557.76513671875","1557.76513671875","1557.76513671875"
"96000","659.885009765625","659.885009765625","659.885009765625","516.347412109375","516.347412109375","516.347412109375","886.4701538085938","886.4701538085938","886.4701538085938","754.4541015625","754.4541015625","754.4541015625","1138.0059814453125","1138.0059814453125","1138.0059814453125","983.3897705078125","983.3897705078125","983.3897705078125","2211.5185546875","2211.5185546875","2211.5185546875","1548.49755859375","1548.49755859375","1548.49755859375"
"97000","663.7205810546875","663.7205810546875","663.7205810546875","519.4517822265625","519.4517822265625","519.4517822265625","890.780517578125","890.780517578125","890.780517578125","759.124755859375","759.124755859375","759.124755859375","1141.3343505859375","1141.3343505859375","1141.3343505859375","989.0846557617188","989.0846557617188","989.0846557617188","2230.70068359375","2230.70068359375","2230.70068359375","1553.43701171875","1553.43701171875","1553.43701171875"
"98000","662.1954345703125","662.1954345703125","662.1954345703125","518.1349487304688","518.1349487304688","518.1349487304688","889.1981201171875","889.1981201171875","889.1981201171875","757.7567138671875","757.7567138671875","757.7567138671875","1139.6583251953125","1139.6583251953125","1139.6583251953125","986.6331787109375","986.6331787109375","986.6331787109375","2220.69091796875","2220.69091796875","2220.69091796875","1549.733154296875","1549.733154296875","1549.733154296875"
"99000","660.7568359375","660.7568359375","660.7568359375","516.88916015625","516.88916015625","516.88916015625","887.2930908203125","887.2930908203125","887.2930908203125","755.1052856445312","755.1052856445312","755.1052856445312","1138.394775390625","1138.394775390625","1138.394775390625","984.79345703125","984.79345703125","984.79345703125","2220.056884765625","2220.056884765625","2220.056884765625","1550.298095703125","1550.298095703125","1550.298095703125"